{
  "project_info": {
    "project_number": "579119851498",
    "project_id": "kotlinfirebase-e508f",
    "storage_bucket": "kotlinfirebase-e508f.appspot.com"
  },
  "client": [
    {
      "client_info": {
        "mobilesdk_app_id": "1:579119851498:android:04d14d3b97f9091e8fb493",
        "android_client_info": {
          "package_name": "com.codingstuff.phoneauthkt"
        }
      },
      "oauth_client": [
        {
          "client_id": "579119851498-n5m7khb4q8o148n4mm9vjb2u7fi6n0cb.apps.googleusercontent.com",
          "client_type": 3
        }
      ],
      "api_key": [
        {
          "current_key": "AIzaSyD0ieRafeQC7qvEJD-qLQE-BBinwygVdoU"
        }
      ],
      "services": {
        "appinvite_service": {
          "other_platform_oauth_client": [
            {
              "client_id": "579119851498-dn3aa3f7hh865e4e6pfd9qf28l3c5g16.apps.googleusercontent.com",
              "client_type": 3
            }
          ]
        }
      }
    },
    {
      "client_info": {
        "mobilesdk_app_id": "1:579119851498:android:c4766865e409616b8fb493",
        "android_client_info": {
          "package_name": "com.phoneauthkt"
        }
      },
      "oauth_client": [
        {
          "client_id": "579119851498-v7iisqg557k6qnt286mmn989vnpc01fq.apps.googleusercontent.com",
          "client_type": 1,
          "android_info": {
            "package_name": "com.phoneauthkt",
            "certificate_hash": "7d82881399f9b19ce238fcd2231409e5aaa66d81"
          }
        },
        {
          "client_id": "579119851498-n5m7khb4q8o148n4mm9vjb2u7fi6n0cb.apps.googleusercontent.com",
          "client_type": 3
        }
      ],
      "api_key": [
        {
          "current_key": "AIzaSyD0ieRafeQC7qvEJD-qLQE-BBinwygVdoU"
        }
      ],
      "services": {
        "appinvite_service": {
          "other_platform_oauth_client": [
            {
              "client_id": "579119851498-dn3aa3f7hh865e4e6pfd9qf28l3c5g16.apps.googleusercontent.com",
              "client_type": 3
            }
          ]
        }
      }
    }
  ],
  "configuration_version": "1"
}